,Comment,Author,Created UTC,Cleaned_Comment,sentiment_score
0,Future WCC team Grand Canyon,Galumpadump,2023-03-17 22:54:58,future wcc team grand canyon,0.0008058473467826843
1,I'm having a great tourney week so far.  Why do you ask?,KingOfThePenguins,2023-03-17 23:42:03,great tourney week far ask,0.0007494434248656034
2,Not going to lie - might the ‚ÄúKarl Malone Award‚Äù need renaming in these times?,Zloggt,2023-03-17 23:43:40,going lie might karl malone award need renaming time,-0.2737991511821747
3,I am so ready for Gregg next year,SaxRohmer,2023-03-18 00:03:26,ready gregg next year,-0.03319009393453598
4,Man Strawther having one of those Peace Corp games. Building brick schools.,JustPlugIt,2023-03-18 00:06:57,man strawther one peace corp game building brick school,-0.061144858598709106
5,"Gonzaga go into the locker room in front by 4.

If not for Julian Stawther, Gonzaga would be behind. He lead all scores with 16. Drew Timme pretty quiet in the first half with just 6 points and 4 rebounds. Expect him to turn it on in the 2nd half.

McMillan leads all Lopes with 11. Noah Baumann has 8 hitting two outside shots and Rayshon Harrison has run the show from point guard. GCU will have to hit more 3's in the second half and lock down on Gonzaga in the paint if they are to win this and cause a huge upset in Denver.",spierce64006,2023-03-18 00:30:50,gonzaga go locker room front julian stawther gonzaga would behind lead score drew timme pretty quiet first half point rebound expect turn nd half mcmillan lead lope noah baumann hitting two outside shot rayshon harrison run show point guard gcu hit second half lock gonzaga paint win cause huge upset denver,0.02339446172118187
6,"With how terrible we started the game, I'll take a 4 point lead. 

Few is usually very good at making adjustments, I look for us to come out strong in the 2nd half.",AC_Slater77,2023-03-18 00:28:28,terrible started game take point lead usually good making adjustment look u come strong nd half,-0.6481605768203735
7,"Hello Gonzaga fans. I see Jamal Walker on the bench for GC. He was however suspended for 2 ncaa tournament games which he has not served. Yes, the suspension was ten years ago, but he still hasn't served it. I would alert your program and force a forfeit.

https://www.thechampaignroom.com/2013/8/16/4628004/assistant-jamall-walker-receives-two-game-ncaa-tournament-suspension",MichaelSquare,2023-03-18 00:37:07,hello gonzaga fan see jamal walker bench gc however suspended ncaa tournament game served yes suspension ten year ago still served would alert program force forfeit,-0.30094099044799805
8,Where is gregg? Timme clearly needs a break,SentientPoster,2023-03-17 23:53:42,gregg timme clearly need break,-0.09922486543655396
9,So many missed layups wow,Additional_Effort12,2023-03-17 23:55:22,many missed layup wow,-0.23894482851028442
10,I am 100% prepared for Gonzaga to slaughter us after halftime but imma enjoy it for now,brokentr0jan,2023-03-18 00:07:30,prepared gonzaga slaughter u halftime imma enjoy,0.0033188387751579285
11,Props to GCU - you guys are bringing it. Curious to see what halftime adjustments Few makes.,toneloc206,2023-03-18 00:27:34,prop gcu guy bringing curious see halftime adjustment make,-0.01226767897605896
12,Can we take a second to appreciate how there is like zero neutral flairs here seeing they are all in the Purdue thread lol,brokentr0jan,2023-03-18 00:43:26,take second appreciate like zero neutral flair seeing purdue thread lol,-0.4041256606578827
13,"Almost no chance they win, but Lopes Up anyways",CumAssault,2023-03-17 22:49:33,almost chance win lope anyways,0.10178858786821365
14,I appreciated how GCU‚Äôs strategy out of that timeout was basically ‚Äújust get a shot up it‚Äôs better than whatever we‚Äôve been doing‚Äù,SaxRohmer,2023-03-17 23:44:00,appreciated gcu strategy timeout basically get shot better whatever,0.012138527818024158
15,HOLY CRAP,brokentr0jan,2023-03-17 23:51:08,holy crap,-0.8285618424415588
16,Bolton completely disappeared this year. Just awful on both ends,PostItToReddit,2023-03-18 00:06:30,bolton completely disappeared year awful end,-0.6830126643180847
17,Strawther is an NBA guy,[deleted],2023-03-18 01:14:16,strawther nba guy,-0.13199041783809662
18,"This isn‚Äôt GCU‚Äôs best team, their best team lost to Iowa in 2021",[deleted],2023-03-17 23:07:07,gcu best team best team lost iowa,-0.004666244611144066
19,"Everyone looks gassed already, is it the elevation?",SentientPoster,2023-03-17 23:58:11,everyone look gassed already elevation,-0.2159879356622696
20,"Bolton hasn't been right for weeks, need to get Smith in.",SentientPoster,2023-03-18 00:06:41,bolton right week need get smith,-0.1732093095779419
21,A lot of neutrals have not watched any or almost no games . They have no idea that this happened a lot this year but things will change for the better,Additional_Effort12,2023-03-18 00:08:02,lot neutral watched almost game idea happened lot year thing change better,-0.036088138818740845
22,The only downside to winning would be having to listen to all of Gonzaga's naysayers for another year.,KingOfThePenguins,2023-03-18 00:09:04,downside winning would listen gonzaga naysayer another year,-0.0008620023727416992
23,The games we've lost after November have been beacuse our guards shoot 8% randomly and theirs shoot 60%.  Looking a bit like that so far.,SentientPoster,2023-03-18 00:13:09,game lost november beacuse guard shoot randomly shoot looking bit like far,-0.31149551272392273
24,Missing Sean Farnham right now,log_killer,2023-03-18 00:21:47,missing sean farnham right,-0.07594335079193115
25,I really thought that 3 was going to go in. That‚Äôs the kind of half they have had so far,Additional_Effort12,2023-03-18 00:26:00,really thought going go kind half far,0.13738711178302765
26,Good first half!!,brokentr0jan,2023-03-18 00:26:15,good first half,0.03866012021899223
27,The problem is Grand Canyon was able to get a rare 5 minute scoring drought from Gonzaga and hit a ton of mid range jumpers and they are still down. I gotta see if those same shots keep falling on tired legs.,Galumpadump,2023-03-18 00:27:19,problem grand canyon able get rare minute scoring drought gonzaga hit ton mid range jumper still got ta see shot keep falling tired leg,-0.19457277655601501
28,I have paid no attention to your second half dominance but good job Gonzaga,[deleted],2023-03-18 01:05:40,paid attention second half dominance good job gonzaga,0.02070855349302292
29,Thank god this game score got better before the other game ended.,AC_Slater77,2023-03-18 01:09:46,thank god game score got better game ended,-0.3568483293056488
30,Big 10 just doesn't prepare Purdue for the tournament I guess.,AC_Slater77,2023-03-18 01:15:42,big prepare purdue tournament guess,0.028245508670806885
31,How did chet fit in that range cart,karnoff,2023-03-18 01:17:56,chet fit range cart,0.03136056661605835
32,"I got mad near the end of the half, turned off the TV, and started watching the music video for Naatu Naatu. Then Gonzaga suddenly turned on the gas and FDU won over Purdue. That song is clearly good luck",adarafaelbarbas,2023-03-18 01:22:00,got mad near end half turned tv started watching music video naatu naatu gonzaga suddenly turned gas fdu purdue song clearly good luck,-0.12373527884483337
33,The haters disappeared ü§î,[deleted],2023-03-18 01:23:46,hater disappeared,-0.3775290846824646
34,"Well, it was still a great season and 2nd tournament appearance in 3 years. 

Not bad for my lil fake university ü•≤

Gg 4 the rest of the tourney zags",brokentr0jan,2023-03-18 01:30:58,well still great season nd tournament appearance year bad lil fake university gg rest tourney zag,-0.0005517676472663879
35,"I‚Äôve seen too many Zags games to think they‚Äôre in danger after a slow first half. Or first 35 minutes, for that matter",[deleted],2023-03-18 00:18:29,seen many zag game think danger slow first half first minute matter,-0.034648239612579346
36,"Oceans may rise and empires may fall, but Gonzaga making the sweet sixteen will always be there.",[deleted],2023-03-17 23:25:58,ocean may rise empire may fall gonzaga making sweet sixteen always,-0.0004577953368425369
37,Anton hitting a three is a great sign,Fearghas,2023-03-17 23:40:35,anton hitting three great sign,0.004209431353956461
38,Gonzaga's defense since the St. Mary's game in Moraga has been elite.,mrwhitaker3,2023-03-17 23:44:50,gonzaga defense since st mary game moraga elite,0.008319854736328125
39,GCU have settled down nicely with lay-ins from Chance McMillan and Rayshon Harrison after that rocky start. Denver pun right there.,spierce64006,2023-03-17 23:48:32,gcu settled nicely lay in chance mcmillan rayshon harrison rocky start denver pun right,0.10026025027036667
40,We were up 7-0 when my husband said he felt like he shouldn't cheer for the Zags. He better hope they win now if he wants to save this marriage.,RurikFuries,2023-03-17 23:59:50,husband said felt like cheer zag better hope win want save marriage,-0.2775949537754059
41,lopes are completely outplaying the zags on both sides of the court.,quaid31,2023-03-18 00:06:48,lope completely outplaying zag side court,-0.10041558742523193
42,"So I admit I haven‚Äôt watched Gonzaga this season, but holy shit they look like ass.",ShartFlex,2023-03-18 00:08:54,admit watched gonzaga season holy shit look like as,-0.06164829060435295
43,GCU just not missing and we can't shoot.  Not a good combo.,dicks_out_for,2023-03-18 00:12:44,gcu missing shoot good combo,0.13844923675060272
44,Is Mark few saving his time outs for the round of 32??,themagicalcake,2023-03-18 00:13:57,mark saving time out round,-0.026677057147026062
45,"Cmon GCU, please pull this off",rcc31,2023-03-18 00:21:13,cmon gcu please pull,-0.20455515384674072
46,Let‚Äôs go aggressive Strawther,SaxRohmer,2023-03-18 00:21:40,let go aggressive strawther,-0.4237094819545746
47,Grand Canyon is making every tough shot lol,Galumpadump,2023-03-18 00:22:13,grand canyon making every tough shot lol,0.0016238568350672722
48,Ah yes a long contested 2 with a tip back out to reset the clock like we drew up,HappyScaling,2023-03-18 00:25:36,ah yes long contested tip back reset clock like drew,-0.004110753536224365
49,As happy as I can be with that.  Need a few more threes to drop.,KingOfThePenguins,2023-03-18 00:29:14,happy need three drop,0.014083050191402435
50,"Well, let‚Äôs see if Gonzaga buries us this half or if we are in for a good ending",brokentr0jan,2023-03-18 00:48:13,well let see gonzaga buries u half good ending,0.02065397799015045
51,FDU got jobbed on that missed foul and then losing possession.,AC_Slater77,2023-03-18 00:59:49,fdu got jobbed missed foul losing possession,-0.3142535090446472
52,GCU has gone cold.,AC_Slater77,2023-03-18 01:03:25,gcu gone cold,-0.47763174772262573
53,# FDU üëÄ,ras5003,2023-03-18 01:08:51,fdu,-0.036004990339279175
54,"I can not believe that happened, holy shit haha",dicks_out_for,2023-03-18 01:10:20,believe happened holy shit haha,-0.06938855350017548
55,FDU FDU,SentientPoster,2023-03-18 01:14:59,fdu fdu,-0.0489269495010376
56,Timme is so gassed,toneloc206,2023-03-18 01:15:49,timme gassed,0.004188075661659241
57,Honestly get Avery Johnson off the announcing booth his future is clearly in ad promos,SaxRohmer,2023-03-18 01:35:09,honestly get avery johnson announcing booth future clearly ad promos,-0.051190704107284546
58,"Thankful for every win! Well played by Strawther and the team! Gg GCU , they play their hearts out and shot well.",Additional_Effort12,2023-03-18 01:38:41,thankful every win well played strawther team gg gcu play heart shot well,-0.0005074673099443316
59,Go Zags!,[deleted],2023-03-18 00:54:18,go zag,0.0009584203362464905
60,discount TCU,pm_me_cute_sloths_,2023-03-17 23:00:00,discount tcu,0.04659431427717209
61,Roll zags,FourteenFCali_,2023-03-17 23:27:28,roll zag,0.03125741705298424
62,Random reminder that Grand Canyon University is a three hour drive from the actual Grand Canyon.,SaintArkweather,2023-03-17 23:35:18,random reminder grand canyon university three hour drive actual grand canyon,-0.04984952509403229
63,LOPES UP,jayden9271,2023-03-17 23:36:29,lope,0.03429713472723961
64,"What a first half from the 3rd best team in the NEC over second ranked Purdue! Bravo to FDU.

Oops wrong thread. Fast start for the Zags.",spierce64006,2023-03-17 23:41:44,first half rd best team nec second ranked purdue bravo fdu oops wrong thread fast start zag,-0.02740275114774704
65,That was beaut,brokentr0jan,2023-03-17 23:44:51,beaut,0.034740760922431946
66,"Started off as Lmu on the road, but now we‚Äôre Lmu at home.",Fearghas,2023-03-17 23:52:16,started lmu road lmu home,-0.019479237496852875
67,"Antelopes should be extinct but we hunted to extinction their only predator, the American Cheetah

Now they‚Äôre too fast and probably the dumbest land mammal alive",pm_me_cute_sloths_,2023-03-17 23:53:28,antelope extinct hunted extinction predator american cheetah fast probably dumbest land mammal alive,-0.4513597786426544
68,Nothing going in right now. cool.. cool.. cool,AC_Slater77,2023-03-17 23:54:37,nothing going right cool cool cool,0.18065834045410156
69,Four missed layups,toneloc206,2023-03-17 23:54:38,four missed layup,-0.19607025384902954
70,Holy shit the GCU bench is annoying.  Every whistle they throw their arms up like it's some terrible call,dicks_out_for,2023-03-17 23:57:52,holy shit gcu bench annoying every whistle throw arm like terrible call,-0.8282085061073303
71,"We need a lead before Purdue gets that FDU-Purdue game under control, or the neutrals will be unbearable.",AC_Slater77,2023-03-18 00:06:05,need lead purdue get fdu purdue game control neutral unbearable,-0.16193610429763794
72,Damnnnn I had a feeling this would happen,whosnick7,2023-03-18 00:06:08,damnnnn feeling would happen,-0.16819113492965698
73,"Let's go, fellas",KingOfThePenguins,2023-03-18 00:06:14,let go fella,-0.2254796326160431
74,"This situation is getting overshadowed by Purdue having trouble with FDU, but this would be a pretty shocking result too.",BtownBrelooms,2023-03-18 00:06:58,situation getting overshadowed purdue trouble fdu would pretty shocking result,-0.1376483142375946
75,I keep switching between this and the Purdue game....it can't be much longer before Gonzaga explodes,lonewanderer727,2023-03-18 00:07:30,keep switching purdue game much longer gonzaga explodes,-0.16672798991203308
76,Bryce Drew rocks,footer9,2023-03-18 00:11:19,bryce drew rock,0.03223771974444389
77,Baumann is just knocking down corner threes.,mrwhitaker3,2023-03-18 00:12:10,baumann knocking corner three,0.04394108057022095
78,GCU has definitely watched the tape on how to attack us,SaxRohmer,2023-03-18 00:13:27,gcu definitely watched tape attack u,-0.3955235779285431
79,Might have been over the cylinder‚Ä¶,toneloc206,2023-03-18 00:14:39,might cylinder,0.1269678771495819
80,"Gotta take that to the house, big guy",ivanezzz,2023-03-18 00:16:29,got ta take house big guy,0.018624283373355865
81,wth these midrange are so nice,datmitsukosmile,2023-03-18 00:24:07,wth midrange nice,0.061315327882766724
82,"Credit to GCU , they have been making all these shots! These guys are playing us hard but I like it cause we need the adversity",Additional_Effort12,2023-03-18 00:24:24,credit gcu making shot guy playing u hard like cause need adversity,-0.06502373516559601
83,GCU gotta start boarding,REN0NV,2023-03-18 00:25:33,gcu got ta start boarding,0.03035016357898712
84,GCU guards giving me flashbacks to when Austin Reaves scored like 30 on us,SaxRohmer,2023-03-18 00:27:04,gcu guard giving flashback austin reaves scored like u,0.009905651211738586
85,Timme's lack of discipline with the ball is confounding. He's been called for what feels like dozens of travels this year for his questionable post moves but still he refuses to even attempt to tighten it up. He could be so much better with just a tiny bit of focus.,__sonder__,2023-03-18 00:32:48,timme lack discipline ball confounding called feel like dozen travel year questionable post move still refuse even attempt tighten could much better tiny bit focus,-0.779151201248169
86,GCUs student section is under appreciated. I hate the whole ‚Äúhavocs‚Äù thing tho,brokentr0jan,2023-03-18 00:47:33,gcus student section appreciated hate whole havoc thing tho,-0.38233643770217896
87,Damn that car salesman drew timme and his squad are cookin the for profit Christian school,gozaga22,2023-03-18 01:06:09,damn car salesman drew timme squad cookin profit christian school,-0.006751026958227158
88,GCU fans real quiet now,[deleted],2023-03-18 01:06:24,gcu fan real quiet,0.005925912410020828
89,GCU has straight given up,dicks_out_for,2023-03-18 01:20:34,gcu straight given,0.009128689765930176
90,The AT&T girl is hot,[deleted],2023-03-18 01:28:09,girl hot,0.014278434216976166
91,"Are they chanting ""overrated"" after getting beat by 20? wtf",SentientPoster,2023-03-18 01:30:18,chanting overrated getting beat wtf,-0.2242123931646347
92,"Not making excuses (after all, a 16 seed just beat a 1 seed) but I really hope we can get more favorable matchups in future first round matchups. Zaga could easily be a 1 seed. Gotta win more regular season games and",brokentr0jan,2023-03-18 01:35:27,making excuse seed beat seed really hope get favorable matchup future first round matchup zaga could easily seed got ta win regular season game,-0.07694055140018463
93,These announcers are awful,karnoff,2023-03-17 23:45:07,announcer awful,-0.8230370879173279
94,"I wholeheartedly believe we would‚Äôve beaten GCU in the WAC final.

But we have to get to the WAC final first üíÄ",UVUboi2,2023-03-17 22:48:18,wholeheartedly believe would beaten gcu wac final get wac final first,-0.04251949489116669
95,At bare minimum GCU will be the 2nd best Arizona team in the tournament,[deleted],2023-03-17 22:58:09,bare minimum gcu nd best arizona team tournament,-0.023858368396759033
96,Let's go cantalopes,JohnBrownNeverSinned,2023-03-17 23:06:13,let go cantalopes,-0.4851248264312744
97,Let‚Äôs see if GU can play some D - gonna need it for a tourney run,toneloc206,2023-03-17 23:35:05,let see gu play gon na need tourney run,-0.08547064661979675
98,Let‚Äôs go Lopes ü§òüèª,brokentr0jan,2023-03-17 23:36:08,let go lope,-0.16481631994247437
99,Let‚Äôs keep the trend of chalk going tonight,Fearghas,2023-03-17 23:38:05,let keep trend chalk going tonight,-0.10348774492740631
100,We average 11 turnovers a game and already have 3 bruh,brokentr0jan,2023-03-17 23:39:36,average turnover game already bruh,0.2263065129518509
101,Anton Watson got those quick hands.,Galumpadump,2023-03-17 23:40:14,anton watson got quick hand,0.010016484186053276
102, Great start ! Love the defensive intensity,Additional_Effort12,2023-03-17 23:41:04,great start love defensive intensity,0.0023295683786273003
103,Timme's not getting away with all his steps like he normally does.,dicks_out_for,2023-03-17 23:51:04,timme getting away step like normally,0.05010860413312912
104,"Why call yourself Grand Canyon if you‚Äôre 3 hours from it? That‚Äôs a scam

Ripping off TCU‚Äôs logo? That‚Äôs a scam",pm_me_cute_sloths_,2023-03-17 23:51:05,call grand canyon hour scam ripping tcu logo scam,-0.7334879636764526
105,@brokentr0jan /u/brokentr0jan or however you at somebody. I propose a truce here.  We don‚Äôt have to be enemies.,REN0NV,2023-03-17 23:51:21,brokentr jan u brokentr jan however somebody propose truce enemy,-0.2066941261291504
106,10-0 Lopes run. Watch out. They were hot from 3 in their last WAC tournament. Better than all season.,spierce64006,2023-03-17 23:52:01,lope run watch hot last wac tournament better season,-0.01579965651035309
107,Timme gets a block and gets yanked lol,SaxRohmer,2023-03-17 23:54:52,timme get block get yanked lol,-0.002739623188972473
108,Gonzaga got so cold lol,famoustran,2023-03-17 23:55:32,gonzaga got cold lol,-0.06879845261573792
109,Just need to calm down. Missing layups and free throws,pu1pfriction,2023-03-17 23:55:50,need calm missing layup free throw,-0.06629431247711182
110,Don‚Äôt think I‚Äôve ever seen Gonzaga have a scoring drought.,JustPlugIt,2023-03-17 23:56:42,think ever seen gonzaga scoring drought,-0.4990273714065552
111,"Wait, Noah Baumann is still playing? The dude started his college career in 2017.",seahawksjoe,2023-03-17 23:57:56,wait noah baumann still playing dude started college career,-0.15188223123550415
112,GC is getting into their heads a bit,ivanezzz,2023-03-17 23:58:41,gc getting head bit,0.029434479773044586
113,Need to feed Timme/Watson more,toneloc206,2023-03-17 23:59:02,need feed timme watson,-0.1518910825252533
114,powerade is getting closer and closer to brawndo commercials,hussard_de_la_mort,2023-03-18 00:00:43,powerade getting closer closer brawndo commercial,0.0520688071846962
115,Why did I pick Gonzaga to the final four lol,RangersFan243,2023-03-18 00:00:46,pick gonzaga final four lol,0.0065272655338048935
116,He was so out of bounds when he grabbed that rebound,LwLewis22,2023-03-18 00:02:37,bound grabbed rebound,0.007649466395378113
117,BANG!,TheStuffisLegal,2023-03-18 00:06:09,bang,-0.0013569295406341553
118,I feel like Grand Canyon should just not have a team name. Antelopes. Fine I guess. But just go Grand Canyon IMO.,feed_me_haribo,2023-03-18 00:08:18,feel like grand canyon team name antelope fine guess go grand canyon imo,-0.06076623499393463
119,"Well fuck, as it is now both my finals teams are in trouble.",ACW1129,2023-03-18 00:08:52,well fuck final team trouble,-0.791144847869873
120,"Looked like a tough call on that foul, as usual the broadcast shows no replay",Oprah-Is-My-Dad,2023-03-18 00:08:54,looked like tough call foul usual broadcast show replay,-0.21402540802955627
121,Does Gonzaga recruit well or are they just so good because of coaching? I assume they atleast recruit at a Power 5 level right?,brokentr0jan,2023-03-18 00:10:04,gonzaga recruit well good coaching assume atleast recruit power level right,0.0027260035276412964
122,More high low!,toneloc206,2023-03-18 00:11:17,high low,-0.13898098468780518
123,nice of him to deliver in right into GCU's hands,dontbuymacaws,2023-03-18 00:12:31,nice deliver right gcu hand,0.005775090306997299
124,God why did I pick Gonzaga to final 4,RangersFan243,2023-03-18 00:12:37,god pick gonzaga final,-0.0038620466366410255
125,So how does GCU work. Do they get schollys or it‚Äôs pay to play all the way?,AAPL_,2023-03-18 00:13:33,gcu work get schollys pay play way,-0.03782544285058975
126,Man I really thought GCU was the worst of the 14 seeds,Oprah-Is-My-Dad,2023-03-18 00:13:55,man really thought gcu worst seed,-0.8180015683174133
127,was that not an offensive goaltend?,ImmoralModerator,2023-03-18 00:15:07,offensive goaltend,0.029517188668251038
128,Have to mark Baumann if you are Gonzaga when's he is behind the 3 point line. Best shooter on the floor tonight.,spierce64006,2023-03-18 00:16:28,mark baumann gonzaga behind point line best shooter floor tonight,-0.0003400743007659912
129,McMillian with an insane 3 there wow,jayden9271,2023-03-18 00:21:42,mcmillian insane wow,-0.12103798985481262
130,BUCKETSSS,toneloc206,2023-03-18 00:22:29,bucket,-0.1676521897315979
131,Strawther man ! This guy carrying us . What a lovely human being !,Additional_Effort12,2023-03-18 00:23:19,strawther man guy carrying u lovely human,-0.08231620490550995
132,I guess both teams decided defense is overrated lol,ilovetigerwoods,2023-03-18 00:23:44,guess team decided defense overrated lol,-0.04817938804626465
133,Fun first half for both teams!,jayden9271,2023-03-18 00:26:56,fun first half team,0.017992142587900162
134,[deleted],[deleted],2023-03-18 00:36:03,deleted,-0.47444185614585876
135,"This is my favorite game so far, I think",rhiaaaannon,2023-03-18 00:36:08,favorite game far think,0.00032723438926041126
136,This rim is supposed to be more friendly than the other one.,dicks_out_for,2023-03-18 00:47:19,rim supposed friendly one,0.0703393965959549
137,SWITCH TO PURDUE. PURDUE ABOUT TO LOSE,REN0NV,2023-03-18 00:53:37,switch purdue purdue lose,-0.3645380139350891
138,"Okay, now I can turn it to the Purdue game and not feel like I'm going to lose my mind.",AC_Slater77,2023-03-18 00:54:12,okay turn purdue game feel like going lose mind,-0.16170211136341095
139,This is more like it!,dicks_out_for,2023-03-18 01:04:11,like,0.06486159563064575
140,FDU!!!!,toneloc206,2023-03-18 01:11:17,fdu,-0.036004990339279175
141,Most of the haters are going to leave and go watch Miami Drake or go hate on Purdue in the post game thread.,Additional_Effort12,2023-03-18 01:11:57,hater going leave go watch miami drake go hate purdue post game thread,-0.715495228767395
142,$LOPES stock tanking rn,dicks_out_for,2023-03-18 01:13:39,lope stock tanking rn,0.037749066948890686
143,New thing for Zags testing themselves in the Non-Con? Have they just started paying attention?,Galumpadump,2023-03-18 01:14:55,new thing zag testing non con started paying attention,0.029791712760925293
144,Wait can you really buy GCu stock? Like I know it's for profit but it's on the stock market?,lawlamanjaro,2023-03-18 01:16:27,wait really buy gcu stock like know profit stock market,-0.25906121730804443
145,"FDU FDU FDU

Grand Canyon have hit their last 3 triples but Gonzaga put this game away early in the 2nd half.",spierce64006,2023-03-18 01:20:20,fdu fdu fdu grand canyon hit last triple gonzaga put game away early nd half,-0.0727366954088211
146,Oh my god. Stop calling fouls. It‚Äôs a 14 point game with 1 min left,GeauxSaints90,2023-03-18 01:31:35,oh god stop calling foul point game min left,-0.7388132214546204
147,I liked our second half better too! Julian can carry and there is so much more to see from the rest of the team ! This was definitely a challenging season ! So proud of the guys !,Additional_Effort12,2023-03-18 01:40:21,liked second half better julian carry much see rest team definitely challenging season proud guy,0.009237118996679783
148,I suspect GCU has the most Brads of any school in America.,AC_Slater77,2023-03-18 00:17:19,suspect gcu brad school america,-0.4799703061580658
149,They haven't even seen our actual defensive players in smith/sallis/gregg!,SentientPoster,2023-03-17 23:41:38,even seen actual defensive player smith sallis gregg,-0.08648529648780823
150,"If you haven‚Äôt seen a gonzaga game, this isn‚Äôt normal for them. 

But then again, this is 100% the type of game they  could lose too

Alabama zags vs LMU zags",lussk21,2023-03-18 00:10:44,seen gonzaga game normal type game could lose alabama zag v lmu zag,0.02583654224872589
151,Fuck $LOPES üìâ,05_legend,2023-03-18 00:21:56,fuck lope,-0.6200200915336609
152,Just what I wanted to see,DaoDeDickinson,2023-03-17 23:41:37,wanted see,-0.13186538219451904
153,I wish GCU would get a football team,brokentr0jan,2023-03-18 00:01:27,wish gcu would get football team,-0.467469185590744
154,Anyone else looking forward to commentators not drooling over timmee every game,TheLollipop050,2023-03-18 00:22:51,anyone else looking forward commentator drooling timmee every game,-0.0015223314985632896
155,I wonder how we‚Äôll replace Timme in a couple more years,seattlesportsguy,2023-03-18 00:29:16,wonder replace timme couple year,-0.031330496072769165
156,Get rekt $LOPES,05_legend,2023-03-18 01:09:23,get rekt lope,-0.03595023602247238
157,Drew Timme worried about Finch bangin' his mom...,cahill48,2023-03-18 00:24:38,drew timme worried finch bangin mom,-0.0003028102219104767
158,Timme‚Ä¶ wake up bro,toneloc206,2023-03-17 23:51:03,timme wake bro,0.007467113435268402
159,so is grand canyon a legitimate college or no? I actually have no idea.,asaber1003,2023-03-17 23:52:54,grand canyon legitimate college actually idea,0.0009535700082778931
160,"wait who is this guy with scars all over his face?

he's automatically my favorite player",hussard_de_la_mort,2023-03-18 00:07:49,wait guy scar face automatically favorite player,-0.0019244742579758167
161,Timmy is still in college? Seriously so tired of him,Ok-Lack-5172,2023-03-18 00:23:57,timmy still college seriously tired,-0.048323363065719604
162,Alright Gonzaga blow the doors off these wackadoodles.,GrouchyTrousers,2023-03-17 23:46:17,alright gonzaga blow door wackadoodles,0.09868555516004562
163,Timme is really really good for a senior citizen,brokentr0jan,2023-03-17 23:55:04,timme really really good senior citizen,0.0023556826636195183
164,Lot of Grand Canyon fans here in Denver. Not a long trip for them.,spierce64006,2023-03-17 23:37:58,lot grand canyon fan denver long trip,0.02461271733045578
165,4 TOs in 2 mins!! Keep up this D!!!,toneloc206,2023-03-17 23:39:49,tos min keep,-0.02525101602077484
166,/u/brokentr0jan don‚Äôt delete that comment. It was spot on.,REN0NV,2023-03-18 00:06:11,u brokentr jan delete comment spot,-0.3059789538383484
167,GCU is Great Value BYU,[deleted],2023-03-18 00:20:17,gcu great value byu,0.002324166242033243
168,March never changes. No matter who we play it‚Äôs always guards hitting pull-up jumpers like it‚Äôs practice lmao,SaxRohmer,2023-03-18 00:23:58,march never change matter play always guard hitting pull jumper like practice lmao,-0.12260426580905914
169,Let‚Äôs go Zags!!!!,seattlesportsguy,2023-03-18 01:37:45,let go zag,-0.2848661541938782
170,Fuck we cannot lose to the crazy evangelicals,[deleted],2023-03-18 00:17:30,fuck lose crazy evangelicals,-0.6175776720046997
171,Fuck timmee,TheLollipop050,2023-03-18 00:21:50,fuck timmee,-0.717278242111206
172,Come on Zags can‚Äôt lose to garbage for profit GCU,mF-Jonezy,2023-03-18 00:12:36,come zag lose garbage profit gcu,-0.37799763679504395
173,short $LOPES,05_legend,2023-03-18 00:34:11,short lope,0.09977557510137558
174,"I hope GCU pulls off the upset here, I can't stand the hype around Zaga.",888Gorilla,2023-03-17 23:51:57,hope gcu pull upset stand hype around zaga,-0.06598822772502899
175,Gonzaga choking in March? Where have I seen this before???,wistfulspongebobbest,2023-03-18 00:13:40,gonzaga choking march seen,-0.2734653353691101
176,Timme is gonna be an awesome car salesman in a few months,brokentr0jan,2023-03-18 00:31:57,timme gon na awesome car salesman month,-0.00021333806216716766
177,Dollar store BYU is going home tonight,[deleted],2023-03-18 00:36:13,dollar store byu going home tonight,-0.07204823195934296
178,How has Timme got to play so long? Dude is the Stetson Bennet of cbb but without the rings,brokentr0jan,2023-03-17 23:40:10,timme got play long dude stetson bennet cbb without ring,0.026220601052045822
179,"GCU, IM FEELIN‚Äô YOU, BABY",REN0NV,2023-03-17 23:32:51,gcu im feelin baby,-0.009712792932987213
180,Geez that rim is doing us no favors,samb3132,2023-03-17 23:55:18,geez rim u favor,0.02436169981956482
181,I‚Äôm liking this defensive lineup,toneloc206,2023-03-18 00:01:28,liking defensive lineup,0.015798894688487053
182,[deleted],[deleted],2023-03-18 00:02:13,deleted,-0.47444185614585876
183,Love those teardrops - more plz,toneloc206,2023-03-18 00:20:13,love teardrop plz,0.0004017883911728859
184,Go zags!,dirtybeerthirty,2023-03-18 01:37:15,go zag,0.0009584203362464905
185,Damn you Gonzaga fans are sensitive asf. Y‚Äôall are up 7-0 with 4 turnovers and are actually crying about the Timme comment,brokentr0jan,2023-03-17 23:43:33,damn gonzaga fan sensitive asf turnover actually cry timme comment,-0.40684181451797485
186,üçªüç∑ü•Éüçæüç∏**MARK HAD A FEW 2 MANY ** üçªüç∫üßâüçæüç∏üç∫,REN0NV,2023-03-18 00:34:05,mark many,0.0122089684009552
187,"Gonzaga in the season: *destroys the WCC every year, idk probably the greatest basketball team of all time*

Gonzaga in the tournament: üò¨",lonewanderer727,2023-03-17 23:56:52,gonzaga season destroys wcc every year idk probably greatest basketball team time gonzaga tournament,3.927946090698242e-05
188,Who are the two women broadcasting this game.   A lot of small talk detracts from the game!!,Independent-Nail-881,2023-03-18 01:32:06,two woman broadcasting game lot small talk detracts game,-0.45154210925102234
189,Zags and Antelopes!,spierce64006,2023-03-17 23:19:51,zag antelope,0.03814518451690674
190,This press has been working the past few games,toneloc206,2023-03-17 23:37:26,press working past game,-0.07995104789733887
191,"This article is being passed around a couple of my group chats.

https://www.gcu.edu/blog/gcu-experience/askgcu-real-school

Any Lopes wanna explain why the school needs an article about how they are a real school?",ThyDoctor,2023-03-17 23:41:32,article passed around couple group chat lope wan na explain school need article real school,-0.11513504385948181
192,lopes were not fazed by the rocky start.,quaid31,2023-03-17 23:49:51,lope fazed rocky start,0.07497526705265045
193,Time to start working in to the paint.,AC_Slater77,2023-03-17 23:50:40,time start working paint,-0.02202104777097702
194,That's a big foul. They need McGlothan.,mrwhitaker3,2023-03-17 23:52:31,big foul need mcglothan,-0.5477371215820312
195,Rackin up those fouls‚Ä¶,toneloc206,2023-03-17 23:52:54,rackin foul,-0.42926275730133057
196,ü§î,Zloggt,2023-03-17 23:53:56,,0.056165412068367004
197,Why is Timme doing a stare down bro you‚Äôre down by 2,greenfiend97,2023-03-17 23:55:19,timme stare bro,0.027786388993263245
198,Stream lagged right when Watson traveled. Conspiracy?,SaxRohmer,2023-03-17 23:57:34,stream lagged right watson traveled conspiracy,0.012176662683486938
199,Gonzaga oh no,RangersFan243,2023-03-18 00:00:31,gonzaga oh,-0.059844352304935455
200,When was the last time we have had a 5 minute scoring drought?,Galumpadump,2023-03-18 00:01:25,last time minute scoring drought,-0.40957263112068176
201,This kind of overrotation combined with their 3 point shooting did have me a little concerned coming ib,SaxRohmer,2023-03-18 00:06:21,kind overrotation combined point shooting little concerned coming ib,0.005272954702377319
202,Ice. Cold.,toneloc206,2023-03-18 00:06:23,ice cold,-0.22704756259918213
203,Finally they pound the paint,toneloc206,2023-03-18 00:11:10,finally pound paint,0.0007096603512763977
204,Imagine trusting Gonzaga though lol,ptfc5721,2023-03-18 00:13:30,imagine trusting gonzaga though lol,0.028824832290410995
205,What channel is this on? Anything local like CBS or Fox?,BenadrylBeer,2023-03-18 00:16:45,channel anything local like cbs fox,-0.030710570514202118
206,both these teams just making all sorts of jump shots,Vic_Vinager,2023-03-18 00:23:09,team making sort jump shot,0.025987058877944946
207,Why would he leave the ball like that?,mrwhitaker3,2023-03-18 00:23:09,would leave ball like,-0.16355808079242706
208,Thank you GCU for exposing all the crap that we do sometimes and these guys need to forget how they blew Saint Mary‚Äôs up and get back to focus and play their best basketball,Additional_Effort12,2023-03-18 00:27:14,thank gcu exposing crap sometimes guy need forget blew saint mary get back focus play best basketball,-0.0646515041589737
209,Oh buddy. Singleton.,mrwhitaker3,2023-03-18 00:27:18,oh buddy singleton,-0.05902721732854843
210,it's okay guys they're just letting us switch to purdue for a few minutes without missing anything,dontbuymacaws,2023-03-18 00:57:29,okay guy letting u switch purdue minute without missing anything,-0.26134854555130005
211,"GCU  should stop trying to dunk, I don't think it's ever worked out for them",dicks_out_for,2023-03-18 01:01:18,gcu stop trying dunk think ever worked,-0.4172053337097168
212,Checking back in had to go watch the Purdue game. Glad to see we got it together in the second half,lawlamanjaro,2023-03-18 01:13:16,checking back go watch purdue game glad see got together second half,0.004928998649120331
213,Cmon GCU‚Ä¶one last burst!,Zloggt,2023-03-18 01:27:54,cmon gcu one last burst,-0.10067474842071533
214,Just watching to see if Ouedraogo still slams the ball into the bottom of the rim when he attempts a layup,WhizBangNeato,2023-03-18 01:28:46,watching see ouedraogo still slam ball bottom rim attempt layup,0.002345539629459381
215,Rim roller‚Ä¶,Zloggt,2023-03-18 01:30:56,rim roller,0.04649284482002258
216,It sure feels like FDU is a lot better than 9-24 from 3 this game.,dknickwins,2023-03-18 01:33:33,sure feel like fdu lot better game,-0.04066222906112671
217,Zags might not cover.,Galumpadump,2023-03-18 01:33:43,zag might cover,0.07192790508270264
218,What is going on with this Shazam promo?,slayerhk47,2023-03-18 01:35:16,going shazam promo,-0.005820438265800476
219,9:36 EST finish,[deleted],2023-03-18 01:37:04,est finish,-0.04868398606777191
220,Onto ASU or TCU‚Ä¶ Happy St Paddy‚Äôs all - time to get my drink on,toneloc206,2023-03-18 01:38:14,onto asu tcu happy st paddy time get drink,0.006678775884211063
221,"10 straight wins for Gonzaga. Julian Strawther's 28 points and 10 rebounds plus Anton Watson's double-double leads them over Grand Canyon by a dozen points and into the last 32.

Rayshon Harrison with 20 and Chance McMillan 16 points for the WAC champions.",spierce64006,2023-03-18 01:40:01,straight win gonzaga julian strawther point rebound plus anton watson double double lead grand canyon dozen point last rayshon harrison chance mcmillan point wac champion,-0.002419973723590374
222,Hopefully,jayden9271,2023-03-17 23:19:34,hopefully,0.03738686069846153
223,Seattle too probably to replace Gonzaga.,spierce64006,2023-03-17 23:19:35,seattle probably replace gonzaga,0.0343988761305809
224,I think it'll happen. Matt Brown has reported that there have been discussions between GCU and the WCC.,[deleted],2023-03-17 23:05:28,think happen matt brown reported discussion gcu wcc,-0.12197358906269073
225,The WAC is having a great post season so far after away wins for Utah Valley and Sam Houston St. Lets see if Grand Canyon can join the party in the NCAA tournament tonight.,spierce64006,2023-03-17 23:47:39,wac great post season far away win utah valley sam houston st let see grand canyon join party ncaa tournament tonight,-0.001560460776090622
226,the greggacy continues,heavybees,2023-03-18 01:15:42,greggacy continues,0.004974648356437683
227,Lolll,toneloc206,2023-03-18 00:07:25,lolll,0.03311144560575485
228,Idk man we look like doodoo right now,toneloc206,2023-03-18 00:08:37,idk man look like doodoo right,-0.058761343359947205
229,"More pounding it through the middle, more switching on defense, they've scouted the shit out of our showing off screens/helping and recovering defense.",SentientPoster,2023-03-18 00:28:44,pounding middle switching defense scouted shit showing screen helping recovering defense,-0.19740332663059235
230,Agreed.  GCU dudes just don't miss,ras5003,2023-03-18 00:31:13,agreed gcu dude miss,-0.0691596269607544
231,the game is wild.,quaid31,2023-03-18 00:43:53,game wild,0.0005135294049978256
232,IM SAYIN,jayden9271,2023-03-17 23:52:46,im sayin,-0.05981585383415222
233,RIP Oscar Frayer üò•,SaintArkweather,2023-03-17 23:35:44,rip oscar frayer,-0.23891623318195343
234,Why the better seed this year?,[deleted],2023-03-17 23:26:16,better seed year,-0.12166009843349457
235,lack of a real coach.,quaid31,2023-03-17 23:59:26,lack real coach,-0.4667930006980896
236,Late night at the Chippendales show,REN0NV,2023-03-18 00:00:07,late night chippendale show,0.06610631942749023
237,Weeks? You mean all year?,NWnats14,2023-03-18 00:09:31,week mean year,-0.02999405562877655
238,It's a testament to the Gonzaga program that this is considered a down year and yet they are still 3 seed in the tournament.,spierce64006,2023-03-18 00:09:13,testament gonzaga program considered year yet still seed tournament,-0.0850410908460617
239,100% this and when Timme is timid for whatever reason. Need one or both to break through,nepats523,2023-03-18 00:34:56,timme timid whatever reason need one break,0.0007889121770858765
240,Tbh I've barely been watching,dicks_out_for,2023-03-18 01:06:24,tbh barely watching,-0.2719147503376007
241,honestly same,SaxRohmer,2023-03-18 01:23:44,honestly,-0.00023203156888484955
242,Ditto,FakeItSALY,2023-03-18 01:14:26,ditto,0.11341726779937744
243,Went on a good spurt,sarcasmrules18,2023-03-18 01:34:03,went good spurt,0.028212517499923706
244,We all knew they were frauds and PSU would go farther,05_legend,2023-03-18 01:16:32,knew fraud psu would go farther,-0.48661506175994873
245,I honestly think the Big 10 doesn‚Äôt have the athletes to compete during the tourney outside of the Michigan schools and Ohio State every year years. Big man play is overly emphasized in the big 10.,Galumpadump,2023-03-18 01:18:59,honestly think big athlete compete tourney outside michigan school ohio state every year year big man play overly emphasized big,-0.1814729869365692
246,Neutrals hunting upsets - can‚Äôt blame em! I ditched our game for a minute there lol,toneloc206,2023-03-18 01:24:22,neutral hunting upset blame em ditched game minute lol,-0.044536322355270386
247,I‚Äôm still here,brokentr0jan,2023-03-18 01:28:09,still,0.0921829342842102
248,I was nervous as hell during the first half‚Ä¶ props to GCU for bringing it!!,toneloc206,2023-03-18 01:32:10,nervous hell first half prop gcu bringing,-0.5100297927856445
249,Two fakest universities in the tournament matching up first round is suspect,JustiseWinfast,2023-03-18 01:32:35,two fakest university tournament matching first round suspect,-0.418094664812088
250,If only Jovan Blackshear didn't get injured but these things happen.,spierce64006,2023-03-18 03:19:18,jovan blackshear get injured thing happen,-0.07453037053346634
251,Gg brother,[deleted],2023-03-18 01:34:19,gg brother,0.03322788327932358
252,"Great showing by the fans, Harrison is a stud.  Not a great showing by @brokentr0jan and @renonv, could have trolled a bit better.",SentientPoster,2023-03-18 01:32:35,great showing fan harrison stud great showing brokentr jan renonv could trolled bit better,0.0020231667440384626
253,"Finally, somebody who knows anything about us. Tell them , sir .",Additional_Effort12,2023-03-18 00:19:28,finally somebody know anything u tell sir,-0.01997441053390503
254,Yea cuz we‚Äôre always beating them or close in the first half and then we lose badly,Affectionate_Win_123,2023-03-18 00:20:30,yea cuz always beating close first half lose badly,-0.03153136372566223
255,I‚Äôve seen them go from a tied game to a 20 point lead in less than 3 minutes of game time.,Galumpadump,2023-03-18 00:23:48,seen go tied game point lead le minute game time,-0.2186356782913208
256,Last time they lost in the first round it was to Steph Curry!,SaintArkweather,2023-03-17 23:37:42,last time lost first round steph curry,-0.40354225039482117
257,/u/brokentr0jan exhibit A,REN0NV,2023-03-18 00:01:01,u brokentr jan exhibit,-0.004675537347793579
258,"Yes, do something about that haha",Additional_Effort12,2023-03-18 00:00:43,yes something haha,0.021461546421051025
259,"Very Jekal and Hyde this season, thought we had it all sorted out going into the tournament.",AC_Slater77,2023-03-18 00:10:58,jekal hyde season thought sorted going tournament,0.031180769205093384
260,"At the same time, y'all didn't look too hot in the first half either, but turned it around nicely.",AC_Slater77,2023-03-18 00:11:25,time look hot first half either turned around nicely,0.08806173503398895
261,we tough to watch when you live on the east coast.,quaid31,2023-03-18 00:10:21,tough watch live east coast,-0.1543157994747162
262,It‚Äôs good that you admit. They have done little of what they are really good at but it has been a long time since their last game which was the WCC final and this seems to almost happen in their first year but also this year they did a lot of it anyways so that‚Äôs why they are a 3 seed,Additional_Effort12,2023-03-18 00:10:06,good admit done little really good long time since last game wcc final seems almost happen first year also year lot anyways seed,0.0677960067987442
263,The best of combos,REN0NV,2023-03-18 00:13:41,best combo,-2.994830720126629e-05
264,"Why would he need a timeout? They're making the shots we want them to take, we're missing the shots we want to take, just have to let law of averages take over.",SentientPoster,2023-03-18 00:15:20,would need timeout making shot want take missing shot want take let law average take,0.2605096101760864
265,It‚Äôs gotta stop at some point‚Ä¶ right? Right?!,toneloc206,2023-03-18 00:23:22,got ta stop point right right,0.001565840095281601
266,"Buried and sent down to the 8th Circle of Hell. 

Enjoy the complimentary lead lined robes!",GrouchyTrousers,2023-03-18 01:29:51,buried sent th circle hell enjoy complimentary lead lined robe,-0.32706737518310547
267,Make up call on the other end but both no calls were egregious,YouAreMyDensity,2023-03-18 01:05:35,make call end call egregious,-0.33246278762817383
268,And quiet,FakeItSALY,2023-03-18 01:06:00,quiet,0.041091930121183395
269,agreed and this game doesn‚Äôt need timme anymore,heavybees,2023-03-18 01:19:14,agreed game need timme anymore,-0.1707765758037567
270,Go Sooners!,REN0NV,2023-03-18 00:56:09,go sooner,-0.021511726081371307
271,I thought they were at the bottom of the Grand Canyon and you had to take a mule to get to class?,REN0NV,2023-03-17 23:36:43,thought bottom grand canyon take mule get class,-0.09719482064247131
272,Reminder that Arizona is the Grand Canyon state,brokentr0jan,2023-03-17 23:36:37,reminder arizona grand canyon state,-0.006085831671953201
273,No one is safe,toneloc206,2023-03-17 23:41:59,one safe,-0.08636630326509476
274,This team is better than LMU from what I've seen.,spierce64006,2023-03-17 23:59:00,team better lmu seen,-0.10979844629764557
275,Wut,abecedorkian,2023-03-17 23:56:27,wut,-0.044359102845191956
276,Appreciate this,AccuratelyRated,2023-03-17 23:54:40,appreciate,0.0009164594812318683
277,Every team does that,brokentr0jan,2023-03-17 23:59:25,every team,-0.005658025853335857
278,Just hoping at least one hits,ballgazer3,2023-03-18 00:08:47,hoping least one hit,-0.33492571115493774
279,speaking of big guys.  Is Bacot coming back next year?,quaid31,2023-03-18 00:19:06,speaking big guy bacot coming back next year,0.007812395691871643
280,Demar DeRozan is watching with a tear in his eye.,Galumpadump,2023-03-18 00:28:37,demar derozan watching tear eye,0.0017332211136817932
281,Force his ass left. He‚Äôs so right handed dominant that it‚Äôs ridiculous.,REN0NV,2023-03-18 00:34:56,force as left right handed dominant ridiculous,-0.12440864741802216
282,All one of them?,REN0NV,2023-03-18 01:07:06,one,-0.14923183619976044
283,Hard to keep up with the #1 offense in the game,toneloc206,2023-03-18 01:20:57,hard keep offense game,0.06174120306968689
284,‚ÄúNo More Ellis‚Äù (fouled out),toneloc206,2023-03-18 01:30:36,elli fouled,-0.41043490171432495
285,Our defense is far too awful to be a better seed. Our offense is what keeps us going but the defense has been better as of late,SaxRohmer,2023-03-18 01:37:21,defense far awful better seed offense keep u going defense better late,-0.7442693114280701
286,Gonzaga could not be a 1 ü§£üòÇ,REN0NV,2023-03-18 01:36:10,gonzaga could,-0.011154219508171082
287,compared to our homer announcers on wccsports?,quaid31,2023-03-17 23:46:21,compared homer announcer wccsports,0.0214548259973526
288,lol wot,brokentr0jan,2023-03-17 23:46:45,lol wot,0.04416542127728462
289,The bottom of the barrel Zags posters poppin‚Äô up today,REN0NV,2023-03-17 23:48:55,bottom barrel zag poster poppin today,-0.4094099998474121
290,I too believe Texas would have beaten GCU in the WAC final,WheatonsGonnaScore,2023-03-17 22:53:38,believe texas would beaten gcu wac final,-0.11014857888221741
291,How about a rogue North Korean missile strike?,REN0NV,2023-03-17 23:39:54,rogue north korean missile strike,-0.21220174431800842
292,We‚Äôre actually changing our logo,jayden9271,2023-03-17 23:52:56,actually changing logo,0.023122921586036682
293,I think being a for-profit school answers those questions.,FakeItSALY,2023-03-17 23:53:37,think profit school answer question,-0.23559093475341797
294,You could SFA ripped off TCU's logo to with that logic.,spierce64006,2023-03-17 23:59:58,could sfa ripped tcu logo logic,-0.17169146239757538
295,can we be best friends üëâüèªü•∫üëàüèª,brokentr0jan,2023-03-17 23:51:58,best friend,0.00040971674025058746
296,He looked gassed to me.,mrwhitaker3,2023-03-17 23:56:03,looked gassed,-0.17758026719093323
297,Haven't seen us miss this many easy lay-ups for awhile,AC_Slater77,2023-03-17 23:57:15,seen u miss many easy lay ups awhile,0.06694371998310089
298,10 days off will do that.,quaid31,2023-03-18 00:00:07,day,-0.047295570373535156
299,"It's not like these are tough baskets to make either.

I do believe they will start to drop soon enough.",AC_Slater77,2023-03-18 00:00:40,like tough basket make either believe start drop soon enough,-0.07056558132171631
300,Timme started his in the 90s,brokentr0jan,2023-03-17 23:59:13,timme started,-0.000571131706237793
301,Nah not really. A bit too long of a break and it seems to always show in the first game .,Additional_Effort12,2023-03-17 23:59:26,nah really bit long break seems always show first game,0.24183426797389984
302,PLEASE feed Timme. I agree with this.,REN0NV,2023-03-17 23:59:42,please feed timme agree,-0.12873059511184692
303,"You'd definitely be in trouble if games were only 9 minutes long.

That being said, I didn't even pick us for the final four.",AC_Slater77,2023-03-18 00:02:02,definitely trouble game minute long said even pick u final four,-0.5540845990180969
304,They‚Äôre not a final 4 team this year. A fully healthy UCLA would have beat them. Now it‚Äôs just a 50/50 tossup.,REN0NV,2023-03-18 00:03:11,final team year fully healthy ucla would beat tossup,-0.028297599405050278
305,Dude it‚Äôs the only have way through the first half. Calm down lol,Galumpadump,2023-03-18 00:03:51,dude way first half calm lol,0.041242435574531555
306,Have you seen our guards lol,SaxRohmer,2023-03-18 00:04:58,seen guard lol,0.0238213948905468
307,"Yep, never reestablished himself.",REN0NV,2023-03-18 00:04:17,yep never reestablished,-0.5769637227058411
308,Lopes Up doe,brokentr0jan,2023-03-18 00:08:51,lope doe,0.030171595513820648
309,we did recruit well before Tommy Lloyd went to Arizona.  Saying we have great coaching is debatable.,quaid31,2023-03-18 00:12:15,recruit well tommy lloyd went arizona saying great coaching debatable,-0.004622911103069782
310,"Their coaching is horrible. Mark Few is in The bottom half of the WCC in Xs and Os.  Their current players are good because Tommy Lloyd (UA now) recruited them. 
You are witnessing the dying embers of the Gonzaga program",REN0NV,2023-03-18 00:11:50,coaching horrible mark bottom half wcc x o current player good tommy lloyd ua recruited witnessing dying ember gonzaga program,-0.8216265439987183
311,Typically we get 1-2 5* a year but outlook not great iirc,toneloc206,2023-03-18 00:10:30,typically get year outlook great iirc,0.002142743906006217
312,We don‚Äôt recruit super ‚Äúwell‚Äù in a traditional sense. Picking up 5* players is a new a thing and may not be consistent. We do get some 4* guys but we made our program off of developing guys over multiple years and finding gems overseas. Then we typically fill out 1 or 2 rotation spaces with the transfer portal,SaxRohmer,2023-03-18 00:12:40,recruit super well traditional sense picking player new thing may consistent get guy made program developing guy multiple year finding gem overseas typically fill rotation space transfer portal,-0.00039210356771945953
313,Recruiting high level is a relatively new phenomenon for us,pu1pfriction,2023-03-18 00:13:11,recruiting high level relatively new phenomenon u,0.04834609478712082
314,"Most of our team is scholarship I believe, but I might be wrong. I know our other sports aren‚Äôt as scholarship based.",jayden9271,2023-03-18 00:14:14,team scholarship believe might wrong know sport scholarship based,-0.2495303899049759
315,"We really should have been a 15, but the 14s and 15s this year were mostly of the same kind of quality",KingOfThePenguins,2023-03-18 00:15:24,really year mostly kind quality,0.03824177011847496
316,They‚Äôve got the best offense of them all by far but their D is ~200 in kenpom,SaxRohmer,2023-03-18 00:16:35,got best offense far kenpom,-0.00031284510623663664
317,I thought it was.,quaid31,2023-03-18 00:19:26,thought,0.059692978858947754
318,He‚Äôs been one of our best shooters of this year,jayden9271,2023-03-18 00:20:04,one best shooter year,-0.000516053638420999
319,We‚Äôre like 70-80 and they‚Äôre 200th so yeah lol,SaxRohmer,2023-03-18 00:25:07,like th yeah lol,0.05249006673693657
320,Did you see the Furman shot chart? It's the winning strategy for massive underdogs.,FakeItSALY,2023-03-18 00:44:13,see furman shot chart winning strategy massive underdog,-0.11469951272010803
321,The thread is salty af and im loving it. GCU fans are tough,[deleted],2023-03-18 00:37:47,thread salty af im loving gcu fan tough,0.019021153450012207
322,People just make up narratives for us because people don't watch west coast basketball lol,lawlamanjaro,2023-03-18 01:16:00,people make narrative u people watch west coast basketball lol,-0.0007368326187133789
323,Bolton fucked us. I expect more from him,Affectionate_Win_123,2023-03-18 01:46:34,bolton fucked u expect,-0.851159930229187
324,Doubt Gonzaga is too far behind,[deleted],2023-03-18 00:17:59,doubt gonzaga far behind,-0.05644883215427399
325,On the contrary this is absolutely a normal game for us this year,SaxRohmer,2023-03-18 00:11:17,contrary absolutely normal game u year,-0.18352273106575012
326,Style will change. They will play less high low.,Galumpadump,2023-03-18 00:31:40,style change play le high low,0.07304166257381439
327,Easily. Timme is mid. Gregg is already way better cuz he can defend and shoot the 3,[deleted],2023-03-18 00:35:16,easily timme mid gregg already way better cuz defend shoot,0.004767091944813728
328,"Easily. 
Timme is fucking horrible.",REN0NV,2023-03-18 00:30:30,easily timme fucking horrible,-0.9207383990287781
329,wut?,ras5003,2023-03-18 00:25:09,wut,-0.044359102845191956
330,Yes we have a really really nice university in Phoenix,brokentr0jan,2023-03-17 23:54:16,yes really really nice university phoenix,0.0014319461770355701
331,They have a section of their website dedicated to the fact they are so take that how you will,SaxRohmer,2023-03-17 23:53:48,section website dedicated fact take,-0.03854812681674957
332,"Yes, but it depends who you ask.",KingOfThePenguins,2023-03-17 23:54:00,yes depends ask,-0.0625685602426529
333,"Legit in that they have decent programs and a nice campus? Yes. 

But they are also technically a for profit institution so take that how you will.",RamboNinjaJesus,2023-03-18 00:00:04,legit decent program nice campus yes also technically profit institution take,0.01819968782365322
334,Pretty common for someone to be in college for 4 years.,WakeanndSteak,2023-03-18 00:25:44,pretty common someone college year,0.0876062661409378
335,Dude won‚Äôt leave bc he won‚Äôt make it in the NBA,brokentr0jan,2023-03-18 00:24:51,dude leave bc make nba,-0.3308056890964508
336,this is why USC is your big brother,brokentr0jan,2023-03-17 23:49:41,usc big brother,-0.004681214690208435
337,See this right here. It doesn‚Äôt work.,REN0NV,2023-03-17 23:55:29,see right work,-0.0018679043278098106
338,Ball Arena ... I feel like I should be watching the Avalanche üèí,ras5003,2023-03-17 23:40:38,ball arena feel like watching avalanche,0.07313740253448486
339,Aren't you guys a Jesuit school?,TheNSAAgent777,2023-03-18 00:24:12,guy jesuit school,-0.007082320749759674
340,Still lots of time left and we are only down 1 despite so many negatives from us and so many positives from them.,Additional_Effort12,2023-03-18 00:18:48,still lot time left despite many negative u many positive,-0.05744650959968567
341,Imagine being a for profit college,toomuchmarcaroni,2023-03-18 00:37:21,imagine profit college,-0.2951013743877411
342,It‚Äôs up 16% this year lol,brokentr0jan,2023-03-18 00:35:35,year lol,0.006458636373281479
343,"Gonzaga never chokes, it‚Äôs been like 10 years since they haven‚Äôt made a sweet 16. They just don‚Äôt get titles",mF-Jonezy,2023-03-18 00:15:13,gonzaga never choke like year since made sweet get title,-0.17608170211315155
344,As if you guys weren‚Äôt close with Howard all first half‚Ä¶,NWnats14,2023-03-18 00:14:26,guy close howard first half,0.023184046149253845
345,"7 straight sweet sixteens isn't exactly choking. There are way more programs that ""choke"" harder than us...",RamboNinjaJesus,2023-03-18 00:16:25,straight sweet sixteen exactly choking way program choke harder u,-0.08413109183311462
346,And the entire Grand Canyon bench will kill it at being assistant managers at Big Lots.,WakeanndSteak,2023-03-18 00:39:05,entire grand canyon bench kill assistant manager big lot,-0.15703952312469482
347,That‚Äôs funny.  You know before today I thought GCU was just another one of those online colleges they air commercials of in between episodes of Maury.,seattlesportsguy,2023-03-18 00:39:10,funny know today thought gcu another one online college air commercial episode maury,-0.08451235294342041
348,"He'll be making more than the whole GCU team combined playing in Europe.

Damn, he probably already makes more than all of GCU.",AC_Slater77,2023-03-18 00:33:26,making whole gcu team combined playing europe damn probably already make gcu,-0.013759274035692215
349,Comparing a Christian university to a strict Mormon church owned university is incredibly brain dead,brokentr0jan,2023-03-18 00:37:39,comparing christian university strict mormon church owned university incredibly brain dead,-0.6356751918792725
350,"He‚Äôs just a true senior, such a boring joke at this point",[deleted],2023-03-17 23:40:50,true senior boring joke point,-0.6464583873748779
351,4 years? Pretty standard college run.,WakeanndSteak,2023-03-17 23:41:28,year pretty standard college run,0.079037144780159
352,4 years he just been ballin out since a freshman,gozaga22,2023-03-17 23:41:14,year ballin since freshman,-0.001695968210697174
353,Can we just not today? I don't want to dislike GCU fans because I love mid-majors and they seem to be on the come up. He's a true senior and this is only his 3rd tourney.,FakeItSALY,2023-03-17 23:41:23,today want dislike gcu fan love mid major seem come true senior rd tourney,-0.19511863589286804
354,Bruh he is a true senior. Watson has been on the team for four years too.,ThyDoctor,2023-03-17 23:42:40,bruh true senior watson team four year,-0.0003839307464659214
355,4 year starter with the +1 year Covid year.,quaid31,2023-03-17 23:40:57,year starter year covid year,-0.07707469165325165
356,Bro what,lussk21,2023-03-18 00:03:16,bro,0.01833955943584442
357,"Shit man, starting with the heavy stuff early? 

Settle down rock star.",AC_Slater77,2023-03-18 00:03:19,shit man starting heavy stuff early settle rock star,-0.35987478494644165
358,Spokane has the best meth,toneloc206,2023-03-18 00:03:44,spokane best meth,-0.0008310149423778057
359,"Since you asked, he was in a car wreck when he was young and has scars all over his face from broken glass.",quaid31,2023-03-18 00:03:47,since asked car wreck young scar face broken glass,-0.5217551589012146
360,a gonzaga and husky fan thats the worst combo known to man,DonaldDoge,2023-03-18 00:21:16,gonzaga husky fan thats worst combo known man,-0.5545989871025085
361,Zgad are chokers,TheLollipop050,2023-03-18 00:22:18,zgad choker,-0.011147961020469666
362,"Haven't seen the comment, but is it the same old, ""Timme has been here for 18 years"" comment that gets posted 10x per game thread?",SentientPoster,2023-03-17 23:46:56,seen comment old timme year comment get posted x per game thread,-0.3703964352607727
363,Because you are stupid for posting it when Clarke a 5th year player played yesterday. You let covid distort time for you. His first tourney was 21 and the championship game run,Duganer,2023-03-17 23:47:54,stupid posting clarke th year player played yesterday let covid distort time first tourney championship game run,-0.743161678314209
364,[removed],[deleted],2023-03-17 23:47:56,removed,-0.36443963646888733
365,Hell yeah we are sensitive.  Got to watch what you say to us as you might hurt our feelins.,quaid31,2023-03-17 23:48:38,hell yeah sensitive got watch say u might hurt feelins,-0.28644970059394836
366,"*makes very old and tired bad joke*

*is shocked people take exception to it*",SaxRohmer,2023-03-17 23:53:02,make old tired bad joke shocked people take exception,-0.7409356236457825
367,Did you just come up with that?,WakeanndSteak,2023-03-18 00:37:41,come,-0.033047616481781006
368,Good he coaches better a little tipsy,[deleted],2023-03-18 00:34:46,good coach better little tipsy,0.07548875361680984
369,"I forget, how many straight sweet 16s we at?",YouAreMyDensity,2023-03-17 23:58:16,forget many straight sweet,-0.15875454246997833
370,Damn... that's a hot take from a Duck.,AC_Slater77,2023-03-17 23:57:44,damn hot take duck,0.0010120566003024578
371,Dawg that's Avery Johnson,SaxRohmer,2023-03-18 01:35:57,dawg avery johnson,-0.018668100237846375
372,They‚Äôre a for-profit university,SaxRohmer,2023-03-17 23:44:35,profit university,-0.14237362146377563
373,Because it's a close game?,AC_Slater77,2023-03-17 23:55:53,close game,0.03420933708548546
374,It‚Äôs the first ten minutes?,lussk21,2023-03-17 23:56:47,first ten minute,-0.07594113051891327
375,I will never pick Gonzaga to go deep,themagicalcake,2023-03-18 00:15:35,never pick gonzaga go deep,-0.5243031978607178
376,TRUTV channel.,quaid31,2023-03-18 00:17:35,trutv channel,-0.0338059663772583
377,TruTV,venir,2023-03-18 00:17:54,trutv,-0.06753323972225189
378,"I think the 7-0 start worked against us. 

Looked like the team thought it was going to be a walk over.",AC_Slater77,2023-03-18 00:29:14,think start worked u looked like team thought going walk,-0.003960400819778442
379,GCU can really shoot it.,Additional_Effort12,2023-03-18 01:35:31,gcu really shoot,0.03179453685879707
380,We don‚Äôt want you. We‚Äôd rather take Cal Baptist.,REN0NV,2023-03-17 23:34:24,want rather take cal baptist,-0.1850692629814148
381,Conference was strong in NET,SaintArkweather,2023-03-17 23:36:01,conference strong net,0.012382343411445618
382,Despite NMSU‚Äôs downfall the WAC was actually not an awful league this year,SaxRohmer,2023-03-17 23:48:58,despite nmsu downfall wac actually awful league year,-0.5997833013534546
383,"I admit I had to go watch Purdue choke.

It was epic.",Generalbuttnaked69,2023-03-18 01:10:44,admit go watch purdue choke epic,-0.007418963126838207
384,"Reddit isn‚Äôt good for trolling, you get insta banned the 2nd you troll good üòÇ",brokentr0jan,2023-03-18 01:34:17,reddit good trolling get insta banned nd troll good,0.020109713077545166
385,You people toss around the term ‚Äútroll‚Äù with no comprehension of what it means.,REN0NV,2023-03-18 01:34:04,people toss around term troll comprehension mean,0.017491653561592102
386,Totally. That‚Äôs kinda what I‚Äôm hoping for.,ShartFlex,2023-03-18 00:12:51,totally kinda hoping,0.041805997490882874
387,Don't you want a possible 4th game?,karnoff,2023-03-18 00:16:31,want possible th game,-0.14809730648994446
388,You're getting torched by a team that's much worse than you,themagicalcake,2023-03-18 00:15:51,getting torched team much worse,-0.8303821086883545
389,What?,[deleted],2023-03-18 01:02:35,,0.056165412068367004
390,"I‚Äôm not kidding, the antelope is the fastest land mammal in North America and we killed off the American cheetah, meaning it has no natural predators

They‚Äôre incredibly small brained animals lol",pm_me_cute_sloths_,2023-03-17 23:58:04,kidding antelope fastest land mammal north america killed american cheetah meaning natural predator incredibly small brained animal lol,-0.09238932281732559
391,"Don't know, but I think that he should move on. Best for the team and himself.",ivanezzz,2023-03-18 00:22:21,know think move best team,-0.0020660727750509977
392,They have a massive fanbase tf you on about,[deleted],2023-03-18 01:11:41,massive fanbase tf,0.022108569741249084
393,"Ahhh ok, that makes more sense.",SentientPoster,2023-03-18 01:31:09,ahhh ok make sense,0.12500253319740295
394,They were 6th in the NET. You can argue they should be a 2 seed.,Galumpadump,2023-03-18 01:37:21,th net argue seed,-0.050020575523376465
395,"What?

Edit: Oh. I just saw the name. Nevermind haha",karnoff,2023-03-17 23:50:27,edit oh saw name nevermind haha,-0.223112553358078
396,The got the Utah Valley logo for their profile.,Galumpadump,2023-03-17 22:54:34,got utah valley logo profile,0.0003094300627708435
397,Hookem > lopes up,UVUboi2,2023-03-17 23:08:46,hookem lope,0.041702888906002045
398,weird comment,brokentr0jan,2023-03-17 23:40:59,weird comment,-0.3539675772190094
399,"Bro bro, I have been in THIS game for over a decade. I just need you to be a complete piece of shit this game. Any morality you have as a human being, throw it out.",REN0NV,2023-03-17 23:52:58,bro bro game decade need complete piece shit game morality human throw,-0.06457418203353882
400,"Yeah idk why I did it lol, maybe just thought the year no one picked you guys it would be JT",RangersFan243,2023-03-18 00:02:42,yeah idk lol maybe thought year one picked guy would jt,0.06410872936248779
401,"Yeah I agree. I was split between UCLA and them, but doesn‚Äôt UCLA have a injury?",RangersFan243,2023-03-18 00:04:02,yeah agree split ucla ucla injury,-0.07687735557556152
402,You‚Äôre edging me,REN0NV,2023-03-18 00:15:39,edging,0.054314807057380676
403,Getting a 5* a year is a relatively new occurrence tbh,SaxRohmer,2023-03-18 00:11:34,getting year relatively new occurrence tbh,0.05868378281593323
404,"Vending machines in the locker room

I‚Äôm just joking lol",AAPL_,2023-03-18 00:14:43,vending machine locker room joking lol,0.03512721508741379
405,I am all about the salt lol my team shit the bed right out of the gate so I'm just here for a good time now,rhiaaaannon,2023-03-18 00:39:08,salt lol team shit bed right gate good time,0.037357404828071594
406,GCU fans have training wheels on.,REN0NV,2023-03-18 00:43:54,gcu fan training wheel,0.014079198241233826
407,Both of them?,GrouchyTrousers,2023-03-18 01:31:18,,0.056165412068367004
408,Indeed. He saved us against you guys and he needs to play more at that level. He‚Äôs a great dude and hope he gets going more,Additional_Effort12,2023-03-18 01:52:03,indeed saved u guy need play level great dude hope get going,0.003915952052921057
409,The burns that are true hurt so much more,RamboNinjaJesus,2023-03-18 00:22:11,burn true hurt much,-0.5865767598152161
410,True honestly lol,SaxRohmer,2023-03-18 00:20:36,true honestly lol,-5.06862998008728e-05
411,"Ooof, those flairs.",AC_Slater77,2023-03-18 00:18:54,ooof flair,-0.03838557004928589
412,But our perimeter defense has been so good all season...,HappyScaling,2023-03-18 00:12:55,perimeter defense good season,0.023295896127820015
413,I thought she kinda looked like Jennifer Coolidge...maybe I'm wrong,cahill48,2023-03-18 00:26:50,thought kinda looked like jennifer coolidge maybe wrong,0.08871006965637207
414,That‚Äôs because of the degree mill myth,brokentr0jan,2023-03-17 23:54:43,degree mill myth,-0.03538993000984192
415,It‚Äôs because people have claimed it isn‚Äôt a real school with a campus when GCU has a beautiful campus,[deleted],2023-03-18 00:01:33,people claimed real school campus gcu beautiful campus,0.0036002397537231445
416,it looks like you guys just ripped off tcu's logo? or just me lol,asaber1003,2023-03-17 23:54:38,look like guy ripped tcu logo lol,-0.19549082219600677
417,so what does it mean to be for profit is that bad,asaber1003,2023-03-18 00:00:35,mean profit bad,-0.6612349152565002
418,He‚Äôll make far more than a graduate of Grand Canyon wherever he plays.,WakeanndSteak,2023-03-18 00:27:57,make far graduate grand canyon wherever play,-0.00301416777074337
419,"Uhhh duh? What do you expect someone that won't make it in the NBA to do if they are getting free education, NIL deals, and can be a college all-american? Drop out?",RamboNinjaJesus,2023-03-18 00:40:03,uhhh duh expect someone make nba getting free education nil deal college american drop,-0.06132248044013977
420,You might be the most pathetic person I‚Äôve ever seen in a Gonzaga thread and that‚Äôs sayin a lot my dude,gozaga22,2023-03-18 00:26:23,might pathetic person ever seen gonzaga thread sayin lot dude,-0.7990100979804993
421,This is true. He shoulda came out last year and he woulda went mid-late 2nd. He‚Äôs been exposed this year and will be playing in the 2nd division of Spain now,REN0NV,2023-03-18 00:29:09,true shoulda came last year woulda went mid late nd exposed year playing nd division spain,-0.22782087326049805
422,LOL enjoy your worthless degree from your fake college.,GrouchyTrousers,2023-03-17 23:51:46,lol enjoy worthless degree fake college,-0.5230893492698669
423,Im an atheist. But even then Gonzaga is secular for all intents and purposes,[deleted],2023-03-18 00:26:07,im atheist even gonzaga secular intent purpose,-0.8042391538619995
424,And being proud of it,05_legend,2023-03-18 00:37:58,proud,-0.0012547876685857773
425,"Technically GCU isn‚Äôt for profit anymore. 

They are owned by lopes education, but the school is now a non profit. The DOE hasn‚Äôt recognized it yet but it should happen in the next few months",brokentr0jan,2023-03-18 00:38:41,technically gcu profit anymore owned lope education school non profit doe recognized yet happen next month,-0.3076609671115875
426,Disgusting,05_legend,2023-03-18 00:36:18,disgusting,-0.8485124707221985
427,"Amazing what defrauding federal student aid can do, right?",GrouchyTrousers,2023-03-18 01:32:23,amazing defrauding federal student aid right,-0.6329334378242493
428,Yea they usually choke in the national championship game,BenadrylBeer,2023-03-18 00:17:38,yea usually choke national championship game,0.036439184099435806
429,"Yeah, I found his comment quite funny.",Additional_Effort12,2023-03-18 00:15:26,yeah found comment quite funny,0.10524898767471313
430,Game wasn't in doubt we scored like 50 in the 1st half lol,wistfulspongebobbest,2023-03-18 00:17:09,game doubt scored like st half lol,-0.1485760509967804
431,We have an actual campus it is way way way nicer than yours LOL,brokentr0jan,2023-03-18 00:41:52,actual campus way way way nicer lol,0.031432803720235825
432,Retweet,jayden9271,2023-03-18 00:45:39,retweet,-0.06897009909152985
433,The campus culture is the same,[deleted],2023-03-18 00:38:28,campus culture,0.022423863410949707
434,Welcome to a Gonzaga thread!,REN0NV,2023-03-18 00:38:40,welcome gonzaga thread,0.0016123699024319649
435,"Even the announcers are saying about any senior this tournament ""they've been here forever"" as though there were never 4 year players in the past. You're right it's a lame joke.",GrouchyTrousers,2023-03-17 23:43:02,even announcer saying senior tournament forever though never year player past right lame joke,-0.626532793045044
436,It feels like he is in year 10,brokentr0jan,2023-03-17 23:41:20,feel like year,-0.06640215218067169
437,">Can we just not today?

Lol are you actually upset? I wish I had such an easy fandom that things like that are what get me upset",brokentr0jan,2023-03-17 23:42:10,today lol actually upset wish easy fandom thing like get upset,-0.0657501369714737
438,He's forgoing his Covid year. Just a true 4 years,FakeItSALY,2023-03-17 23:42:25,forgoing covid year true year,-0.23393972218036652
439,![gif](giphy|6ySFKd72MyV4Q|downsized),REN0NV,2023-03-18 00:07:26,gif giphy ysfkd myv q downsized,0.028601184487342834
440,Was he drinking back then as well or was the most recent DUI his first?,REN0NV,2023-03-18 00:08:17,drinking back well recent duo first,0.03664817661046982
441,F,brokentr0jan,2023-03-18 00:04:30,f,-0.03494502604007721
442,Flair up,toneloc206,2023-03-18 00:25:41,flair,0.018804825842380524
443,Had to get that one out so fast you left that beauty of a typo lol,SaxRohmer,2023-03-18 00:25:57,get one fast left beauty typo lol,-0.002728629857301712
444,"Yeah, that‚Äôs the one. It was enough for Timme to score once for that to come up lol",Additional_Effort12,2023-03-17 23:48:17,yeah one enough timme score come lol,0.009774208068847656
445,">because you are stupid 

Bruh y‚Äôall are so hostile üòÇüòÇ holy crap",brokentr0jan,2023-03-17 23:48:36,stupid bruh hostile holy crap,-0.8389474153518677
446,"Welcome back Reno, grats on the win against VCU earlier!",SentientPoster,2023-03-17 23:49:17,welcome back reno grats win vcu earlier,0.001129878219217062
447,absolute legend and thanks for making this place lively.,quaid31,2023-03-17 23:56:12,absolute legend thanks making place lively,-0.0006564502837136388
448,Lmao what are you on üòÇüòÇ All my friends in my graduating class got jobs in Seattle making significantly more than that. Also Spokane is definitely better than half of the bum fuck towns in the middle of the country that these other schools are from,Jumpies4Dayz,2023-03-17 23:51:06,lmao friend graduating class got job seattle making significantly also spokane definitely better half bum fuck town middle country school,-0.0879543349146843
449,Why would I know it‚Äôs an old and tired joke?? I don‚Äôt hangoit in Gonzaga threads,brokentr0jan,2023-03-17 23:53:41,would know old tired joke hangoit gonzaga thread,-0.23302581906318665
450,"Nah, that was 13 seconds after TMZ reported that shit. I have a whole bag of that shit",REN0NV,2023-03-18 00:39:43,nah second tmz reported shit whole bag shit,-0.7160995006561279
451,Welcome to the tournament game threads lol,pu1pfriction,2023-03-17 23:59:00,welcome tournament game thread lol,0.0036299843341112137
452,Conference of champions brah,Generalbuttnaked69,2023-03-17 23:59:51,conference champion brah,-0.006910180673003197
453,"They haven‚Äôt not made the sweet sixteen since 2015, what do you mean you don‚Äôt have them go deep?",Galumpadump,2023-03-18 00:19:10,made sweet sixteen since mean go deep,0.0065154582262039185
454,Didn‚Äôt think of that but that‚Äôs a good point!,Additional_Effort12,2023-03-18 00:29:49,think good point,-0.0730956494808197
455,I didn‚Äôt know you spoke for the WCC,brokentr0jan,2023-03-17 23:37:16,know spoke wcc,-0.10516244173049927
456,split screens brother split screens,heavybees,2023-03-18 01:20:16,split screen brother split screen,0.06936297565698624
457,I was watching the purdue game and glancing at ours every once in a while and saw it immediately hit like 12+ and stay there,SaxRohmer,2023-03-18 01:24:18,watching purdue game glancing every saw immediately hit like stay,-0.07876163721084595
458,"I‚Äôll be there in person if that happens. I‚Äôll buy two tickets, right behind both baskets. Meet me in the streets, Zags",REN0NV,2023-03-18 00:18:01,person happens buy two ticket right behind basket meet street zag,-0.041250064969062805
459,"Ok? They're not going to make contested fadeaway mid range shots with .1 seconds left on the shot clock the entire game.  

If they do, then they deserve the win.",SentientPoster,2023-03-18 00:17:35,ok going make contested fadeaway mid range shot second left shot clock entire game deserve win,0.0029162317514419556
460,Torched = 1 point game lol,YouAreMyDensity,2023-03-18 00:19:57,torched point game lol,0.014175040647387505
461,As if you‚Äôre worried lol . Just keep rooting for GCU as everybody else,Additional_Effort12,2023-03-18 00:17:52,worried lol keep rooting gcu everybody else,-0.07881753146648407
462,He's a troll lol,dicks_out_for,2023-03-18 01:05:42,troll lol,0.05584694445133209
463,"There was no argument they were a 1 from any sort of ranking system and the actual on-court talent this year is a 4/5 seed.  
A prime time guard that can match Strawther and a competent big man with size to pair up against Timme takes them down. It would have been UCLA had they not been injured into oblivion, now that game is a 50/50 tossup. 
Wouldn‚Äôt at all be surprised if it‚Äôs TCU (but doubting)",REN0NV,2023-03-18 01:40:04,argument sort ranking system actual court talent year seed prime time guard match strawther competent big man size pair timme take would ucla injured oblivion game tossup surprised tcu doubting,0.08482236415147781
464,![gif](giphy|tbw5icxmHzmFYgVsZQ|downsized),REN0NV,2023-03-17 23:51:45,gif giphy tbw icxmhzmfygvszq downsized,0.0374634712934494
465,"Can‚Äôt go with trailer park, meth or poverty every time. Have to mix it up. Sometimes you win mixing it up, sometimes you don‚Äôt. Felt NK missile was relevant to current events.",REN0NV,2023-03-17 23:42:05,go trailer park meth poverty every time mix sometimes win mixing sometimes felt nk missile relevant current event,-0.26384615898132324
466,Yea UCLA does to two players. Significant guys. It blows,REN0NV,2023-03-18 00:10:28,yea ucla two player significant guy blow,-0.02792257070541382
467,I was gonna say we have 3 five star recruits since like 2015. We do get a lot of 3/4 star recruits though.,RamboNinjaJesus,2023-03-18 00:13:40,gon na say five star recruit since like get lot star recruit though,0.0063864924013614655
468,Idk if y‚Äôall realize but emphasizing how beautiful your campus is doesn‚Äôt do much to assuage concerns over the academics lol,SaxRohmer,2023-03-18 00:04:17,idk realize emphasizing beautiful campus much assuage concern academic lol,0.04157015681266785
469,It's been that even when we were D2 - but you're not wrong,KingOfThePenguins,2023-03-17 23:55:43,even wrong,-0.7291182279586792
470,TCU ripped us off,brokentr0jan,2023-03-17 23:56:16,tcu ripped u,-0.34191250801086426
471,"Typically most universities are non-profit and put the money they make into improving the university. For profits put money into the owner's pocket. 
Bad? Not by definition. But it means that you're probably not getting your money's worth.

Edit* for education value. It looks like a really fun place to go to school though.",RamboNinjaJesus,2023-03-18 00:05:16,typically university non profit put money make improving university profit put money owner pocket bad definition mean probably getting money worth edit education value look like really fun place go school though,-0.19329297542572021
472,I think plenty of GCU grads are car salesmen,brokentr0jan,2023-03-18 00:28:51,think plenty gcu grad car salesman,0.013463027775287628
473,He‚Äôs not gonna fuck you bro,brokentr0jan,2023-03-18 00:26:46,gon na fuck bro,-0.22840999066829681
474,Excuse me?,REN0NV,2023-03-18 00:28:15,excuse,-0.40715235471725464
475,"Dang, I touched a nerve didn‚Äôt I?",brokentr0jan,2023-03-17 23:52:10,dang touched nerve,-0.21904979646205902
476,"Ok, So it's similar to Stanford or Notre Dame where it's more the history of the school than the schools policies. Not that I had a problem with it either way.",TheNSAAgent777,2023-03-18 00:27:58,ok similar stanford notre dame history school school policy problem either way,0.07195225358009338
477,"Yeah that's a big fat PR lie pushed by GCU. $LOPES is a shell company that owns GCU. Your uni is literally on the NASDAQ and has been for years. Nobody actually recognizes it as non profit besides GCU marketing.

> Judge rejects Grand Canyon University‚Äôs bid to overturn its for-profit status https://www.highereddive.com/news/judge-rejects-grand-canyon-university-for-profit-status-lawsuit/637913/",05_legend,2023-03-18 00:43:12,yeah big fat pr lie pushed gcu lope shell company owns gcu uni literally nasdaq year nobody actually recognizes non profit besides gcu marketing judge reject grand canyon university bid overturn profit status,-0.6479142904281616
478,And?,NWnats14,2023-03-18 00:40:07,,0.056165412068367004
479,Probably can make a lot of money when you‚Äôll just take anyone.,WakeanndSteak,2023-03-18 00:45:11,probably make lot money take anyone,-0.44354844093322754
480,They have a campus?,FakeItSALY,2023-03-18 00:50:26,campus,0.021163970232009888
481,No it‚Äôs not lol,brokentr0jan,2023-03-18 00:39:10,lol,0.013738974928855896
482,He‚Äôs been in the national conversation for 3 years so that‚Äôs probably why,SaxRohmer,2023-03-17 23:45:48,national conversation year probably,0.03418748453259468
483,Half the game thread is going to be Timme age comments. Just would rather see a little more effort.,FakeItSALY,2023-03-17 23:45:21,half game thread going timme age comment would rather see little effort,0.14434319734573364
484,He will be back next year.,quaid31,2023-03-17 23:42:51,back next year,-0.014494141563773155
485,prob has fetal alcohol syndrome.,quaid31,2023-03-18 00:09:35,prob fetal alcohol syndrome,-0.3360791802406311
486,sco ducks and forks up,DonaldDoge,2023-03-18 00:29:51,sco duck fork,0.05773654580116272
487,Yeah I'm drunk,TheLollipop050,2023-03-18 00:26:25,yeah drunk,0.08936022222042084
488,Then learn to research instead of posting an unintelligent comment that has no originality.,Duganer,2023-03-17 23:55:12,learn research instead posting unintelligent comment originality,-0.7146356701850891
489,Feels good to be back.,REN0NV,2023-03-17 23:49:49,feel good back,0.000856303027831018
490,Don't welcome him like he brought in a 6 pack to the house party. Treat him like the dirt under the picnic table.,karnoff,2023-03-18 00:00:17,welcome like brought pack house party treat like dirt picnic table,0.0069991908967494965
491,You ain‚Äôt gotta lie like that. Missouri and Spokane: meth distribution capitols of the US,REN0NV,2023-03-17 23:53:53,got ta lie like missouri spokane meth distribution capitol u,-0.23979943990707397
492,I don‚Äôt think you need to be a GU fan to know that ‚Äúhow is [insert multi year player] still playing‚Äù is very played out at this point lol,SaxRohmer,2023-03-17 23:56:13,think need gu fan know insert multi year player still playing played point lol,-0.24106816947460175
493,"Deep meaning like elite 8 or better, I have them going to the 16 RN but would love to see them lose",themagicalcake,2023-03-18 00:26:22,deep meaning like elite better going rn would love see lose,-0.053971484303474426
494,You will learn.,REN0NV,2023-03-17 23:37:59,learn,-0.00943705067038536
495,You will learn that he speaks and no one listens.,muffguy,2023-03-18 01:28:36,learn speaks one listens,-0.037252530455589294
496,I don't think your defense or offense is as good as it could be right now and you could easily make adjustments,themagicalcake,2023-03-18 00:22:35,think defense offense good could right could easily make adjustment,0.012925878167152405
497,A troll?  Do you know what a troll is?,REN0NV,2023-03-18 01:11:31,troll know troll,-0.06392127275466919
498,Haha I was worried about you guys when mahaney had 4 fouls so early in that game,karnoff,2023-03-17 23:54:22,haha worried guy mahaney foul early game,-0.2933586835861206
499,And 2 of them came from the same program lol: we basically got Chet because of Suggs,SaxRohmer,2023-03-18 00:17:51,came program lol basically got chet suggs,0.016028551384806633
500,There is information about accreditation as well on the website.   People just usually focus on that one page,[deleted],2023-03-18 00:07:18,information accreditation well website people usually focus one page,-0.0014849118888378143
501,guess it makes sense since they are a christian school they probably figured to just use TCU's? my best guess,asaber1003,2023-03-17 23:56:39,guess make sense since christian school probably figured use tcu best guess,0.024394720792770386
502,Are you fr bragging about that üòÇ,05_legend,2023-03-18 00:32:32,fr bragging,-0.05070486664772034
503,"> He‚Äôs not gonna fuck you bro

wtf?",05_legend,2023-03-18 00:29:29,gon na fuck bro wtf,-0.3615421652793884
504,Excused,gozaga22,2023-03-18 00:29:02,excused,-0.5227932333946228
505,"No, but your unaccredited clown college offends my delicate sensibilities.",GrouchyTrousers,2023-03-17 23:56:17,unaccredited clown college offends delicate sensibility,-0.5980310440063477
506,Yeah that‚Äôs how jesuits work. It‚Äôs the most liberal and progressive of the Catholics,[deleted],2023-03-18 00:28:51,yeah jesuit work liberal progressive catholic,0.030381549149751663
507,It is in school policies.   Religion classes are required in the first two years.,quaid31,2023-03-18 00:35:16,school policy religion class required first two year,-0.1865852177143097
508,"I know you are trying to shit talk, but thanks for the article link! I didn‚Äôt hear about that update in December.",brokentr0jan,2023-03-18 00:46:55,know trying shit talk thanks article link hear update december,-0.1841486394405365
509,And it wasn't in doubt lol,wistfulspongebobbest,2023-03-18 01:13:04,doubt lol,0.12147702276706696
510,You guys don‚Äôt party or anything and its for profit,[deleted],2023-03-18 00:39:53,guy party anything profit,-0.046984829008579254
511,"To be fair, that's EVERY tournament for GCU.",FakeItSALY,2023-03-17 23:48:03,fair every tournament gcu,0.003407977521419525
512,"Lol I don‚Äôt go to Gonzaga game threads, so I‚Äôm not aware of that. Stop being so defensive lol who cares if people make those comments",brokentr0jan,2023-03-17 23:46:20,lol go gonzaga game thread aware stop defensive lol care people make comment,-0.009759731590747833
513,The played the title game 2 years ago bro lol I‚Äôm guessing you have them losing to your Bruins?,Galumpadump,2023-03-18 00:30:36,played title game year ago bro lol guessing losing bruin,-0.02994219958782196
514,"I guess agree to disagree, they've shot 1 shot in the last 10 minutes that isn't a contested mid range.  We'll take that all day.",SentientPoster,2023-03-18 00:23:58,guess agree disagree shot shot last minute contested mid range take day,-0.13008379936218262
515,"Really short, pointy ears, bad teeth?  That's you right?",dicks_out_for,2023-03-18 01:13:09,really short pointy ear bad teeth right,-0.3294689655303955
516,"Calling TCU a Christian school is a stretch. It‚Äôs in the name, but you are not required to take Christian classes anymore.",brokentr0jan,2023-03-18 00:00:47,calling tcu christian school stretch name required take christian class anymore,-0.2947404980659485
517,That‚Äôs all timme is gonna amount to bro,brokentr0jan,2023-03-18 00:34:21,timme gon na amount bro,0.028012722730636597
518,Evangelical kids are weird as hell,gozaga22,2023-03-18 00:31:31,evangelical kid weird hell,-0.1529340147972107
519,I‚Äôm infinitely worse than this GCU fan. He deletes comments he makes about Mark Fews alcoholism. I champion those comments. I am clearly worse.,REN0NV,2023-03-18 00:30:12,infinitely worse gcu fan deletes comment make mark few alcoholism champion comment clearly worse,-0.920518159866333
520,"We have been accredited since the 60s 

And my ‚Äúunaccredited‚Äù education is still better than wherever you went because I promise you didn‚Äôt go to UCLA",brokentr0jan,2023-03-17 23:57:34,accredited since unaccredited education still better wherever went promise go ucla,-0.17895692586898804
521,lol kek,05_legend,2023-03-18 00:48:23,lol kek,0.02878141961991787
522,GU game still in doubt?,NWnats14,2023-03-18 03:51:16,gu game still doubt,0.11648023128509521
523,"1, yes there is a party scene & 2, it‚Äôs not for profit",jayden9271,2023-03-18 00:46:03,yes party scene profit,0.014395564794540405
524,I‚Äôm gonna be real I didn‚Äôt know this wasn‚Äôt their first appearance lol,SaxRohmer,2023-03-17 23:49:51,gon na real know first appearance lol,-0.007750432938337326
525,Yeah ofc but if they weren't playing us I wouldn't have them going deeper than the S16. This team is not half as talented as that one,themagicalcake,2023-03-18 00:35:37,yeah ofc playing u going deeper team half talented one,0.02350936457514763
526,Sometimes trolls are really big too depending on the universe,lawlamanjaro,2023-03-18 01:13:53,sometimes troll really big depending universe,0.13186874985694885
527,Better than having GCU on your resume,05_legend,2023-03-18 00:37:42,better gcu resume,-0.0210455060005188
528,"Yup, what for profit cults breed",05_legend,2023-03-18 00:33:26,yup profit cult breed,0.02103055641055107
529,Nope but Gonzaga is still a choking dog team,wistfulspongebobbest,2023-03-18 03:51:35,nope gonzaga still choking dog team,-0.46785375475883484
530,Its literally on the NASDAQ lmao,05_legend,2023-03-18 00:48:59,literally nasdaq lmao,-0.18941733241081238
531,aren't those giants in elden ring trolls,SaxRohmer,2023-03-18 01:24:43,giant elden ring troll,-0.009274989366531372
532,"That‚Äôs not GCU, that‚Äôs Grand Canyon Education, which does marketing for multiple schools in the United States.",jayden9271,2023-03-18 00:49:50,gcu grand canyon education marketing multiple school united state,-0.06710395961999893
533,"It's a shell company that owns GCU. Nobody recognizes them as non profit except GCU marketing team. Even the the DOE doesn't recognize them as non profit.

https://www.highereddive.com/news/judge-rejects-grand-canyon-university-for-profit-status-lawsuit/637913/",05_legend,2023-03-18 00:52:27,shell company owns gcu nobody recognizes non profit except gcu marketing team even doe recognize non profit,-0.7031536102294922
